[{"model": "admin.logentry", "pk": 241, "fields": {"action_time": "2023-03-06T10:35:41.245Z", "user": 41, "content_type": 6, "object_id": "32", "object_repr": "asd asd", "action_flag": 3, "change_message": ""}}, {"model": "admin.logentry", "pk": 242, "fields": {"action_time": "2023-03-06T10:35:41.253Z", "user": 41, "content_type": 6, "object_id": "31", "object_repr": "dasd ads", "action_flag": 3, "change_message": ""}}, {"model": "admin.logentry", "pk": 243, "fields": {"action_time": "2023-03-06T10:35:41.261Z", "user": 41, "content_type": 6, "object_id": "30", "object_repr": "asd asd", "action_flag": 3, "change_message": ""}}, {"model": "admin.logentry", "pk": 244, "fields": {"action_time": "2023-03-06T10:35:41.270Z", "user": 41, "content_type": 6, "object_id": "29", "object_repr": "asd asd", "action_flag": 3, "change_message": ""}}, {"model": "admin.logentry", "pk": 245, "fields": {"action_time": "2023-03-06T10:35:41.279Z", "user": 41, "content_type": 6, "object_id": "28", "object_repr": "asd asd", "action_flag": 3, "change_message": ""}}, {"model": "admin.logentry", "pk": 246, "fields": {"action_time": "2023-03-06T10:35:41.287Z", "user": 41, "content_type": 6, "object_id": "27", "object_repr": "asd asd", "action_flag": 3, "change_message": ""}}, {"model": "admin.logentry", "pk": 247, "fields": {"action_time": "2023-03-06T10:35:41.296Z", "user": 41, "content_type": 6, "object_id": "26", "object_repr": "asd asd", "action_flag": 3, "change_message": ""}}, {"model": "admin.logentry", "pk": 248, "fields": {"action_time": "2023-03-06T10:35:41.305Z", "user": 41, "content_type": 6, "object_id": "25", "object_repr": "ad as", "action_flag": 3, "change_message": ""}}, {"model": "admin.logentry", "pk": 249, "fields": {"action_time": "2023-03-06T10:35:41.315Z", "user": 41, "content_type": 6, "object_id": "24", "object_repr": "ad ad", "action_flag": 3, "change_message": ""}}, {"model": "admin.logentry", "pk": 250, "fields": {"action_time": "2023-03-06T10:35:41.323Z", "user": 41, "content_type": 6, "object_id": "23", "object_repr": "asd asd", "action_flag": 3, "change_message": ""}}, {"model": "admin.logentry", "pk": 251, "fields": {"action_time": "2023-03-06T10:35:41.331Z", "user": 41, "content_type": 6, "object_id": "22", "object_repr": "asd asd", "action_flag": 3, "change_message": ""}}, {"model": "admin.logentry", "pk": 252, "fields": {"action_time": "2023-03-06T10:35:41.340Z", "user": 41, "content_type": 6, "object_id": "21", "object_repr": "asd asd", "action_flag": 3, "change_message": ""}}, {"model": "admin.logentry", "pk": 253, "fields": {"action_time": "2023-03-06T10:35:41.348Z", "user": 41, "content_type": 6, "object_id": "20", "object_repr": "ad ad", "action_flag": 3, "change_message": ""}}, {"model": "admin.logentry", "pk": 254, "fields": {"action_time": "2023-03-06T10:35:41.358Z", "user": 41, "content_type": 6, "object_id": "19", "object_repr": "asd asd", "action_flag": 3, "change_message": ""}}, {"model": "admin.logentry", "pk": 255, "fields": {"action_time": "2023-03-06T10:35:41.366Z", "user": 41, "content_type": 6, "object_id": "18", "object_repr": "asd asd", "action_flag": 3, "change_message": ""}}, {"model": "admin.logentry", "pk": 256, "fields": {"action_time": "2023-03-06T10:35:41.375Z", "user": 41, "content_type": 6, "object_id": "17", "object_repr": "asd asd", "action_flag": 3, "change_message": ""}}, {"model": "admin.logentry", "pk": 257, "fields": {"action_time": "2023-03-06T10:35:41.383Z", "user": 41, "content_type": 6, "object_id": "16", "object_repr": "asf asf", "action_flag": 3, "change_message": ""}}, {"model": "admin.logentry", "pk": 258, "fields": {"action_time": "2023-03-06T10:35:41.391Z", "user": 41, "content_type": 6, "object_id": "15", "object_repr": "asd asd", "action_flag": 3, "change_message": ""}}, {"model": "admin.logentry", "pk": 259, "fields": {"action_time": "2023-03-06T10:35:41.400Z", "user": 41, "content_type": 6, "object_id": "14", "object_repr": "qew qwe", "action_flag": 3, "change_message": ""}}, {"model": "admin.logentry", "pk": 260, "fields": {"action_time": "2023-03-06T10:35:41.409Z", "user": 41, "content_type": 6, "object_id": "13", "object_repr": "asdasd asdasd", "action_flag": 3, "change_message": ""}}, {"model": "admin.logentry", "pk": 261, "fields": {"action_time": "2023-12-14T10:03:41.725Z", "user": 41, "content_type": 17, "object_id": "45", "object_repr": "22", "action_flag": 3, "change_message": ""}}, {"model": "admin.logentry", "pk": 262, "fields": {"action_time": "2023-12-14T10:03:41.728Z", "user": 41, "content_type": 17, "object_id": "44", "object_repr": "333", "action_flag": 3, "change_message": ""}}, {"model": "admin.logentry", "pk": 263, "fields": {"action_time": "2023-12-14T10:03:41.745Z", "user": 41, "content_type": 17, "object_id": "43", "object_repr": "23", "action_flag": 3, "change_message": ""}}, {"model": "admin.logentry", "pk": 264, "fields": {"action_time": "2023-12-14T10:03:41.745Z", "user": 41, "content_type": 17, "object_id": "42", "object_repr": "1", "action_flag": 3, "change_message": ""}}, {"model": "admin.logentry", "pk": 265, "fields": {"action_time": "2023-12-14T10:03:41.762Z", "user": 41, "content_type": 17, "object_id": "41", "object_repr": "1", "action_flag": 3, "change_message": ""}}, {"model": "admin.logentry", "pk": 266, "fields": {"action_time": "2023-12-14T10:03:41.762Z", "user": 41, "content_type": 17, "object_id": "40", "object_repr": "1", "action_flag": 3, "change_message": ""}}, {"model": "admin.logentry", "pk": 267, "fields": {"action_time": "2023-12-14T10:03:41.778Z", "user": 41, "content_type": 17, "object_id": "39", "object_repr": "5", "action_flag": 3, "change_message": ""}}, {"model": "admin.logentry", "pk": 268, "fields": {"action_time": "2023-12-14T10:03:41.778Z", "user": 41, "content_type": 17, "object_id": "38", "object_repr": "7", "action_flag": 3, "change_message": ""}}, {"model": "admin.logentry", "pk": 269, "fields": {"action_time": "2023-12-14T10:03:41.795Z", "user": 41, "content_type": 17, "object_id": "37", "object_repr": "1", "action_flag": 3, "change_message": ""}}, {"model": "admin.logentry", "pk": 270, "fields": {"action_time": "2023-12-14T10:03:41.795Z", "user": 41, "content_type": 17, "object_id": "36", "object_repr": "a", "action_flag": 3, "change_message": ""}}, {"model": "admin.logentry", "pk": 271, "fields": {"action_time": "2023-12-14T10:03:41.819Z", "user": 41, "content_type": 17, "object_id": "35", "object_repr": "1", "action_flag": 3, "change_message": ""}}, {"model": "admin.logentry", "pk": 272, "fields": {"action_time": "2023-12-14T10:03:41.828Z", "user": 41, "content_type": 17, "object_id": "34", "object_repr": "ф", "action_flag": 3, "change_message": ""}}, {"model": "admin.logentry", "pk": 273, "fields": {"action_time": "2023-12-14T10:03:41.828Z", "user": 41, "content_type": 17, "object_id": "33", "object_repr": "5", "action_flag": 3, "change_message": ""}}, {"model": "admin.logentry", "pk": 274, "fields": {"action_time": "2023-12-14T10:03:41.845Z", "user": 41, "content_type": 17, "object_id": "32", "object_repr": "3", "action_flag": 3, "change_message": ""}}, {"model": "admin.logentry", "pk": 275, "fields": {"action_time": "2023-12-14T10:03:41.845Z", "user": 41, "content_type": 17, "object_id": "31", "object_repr": "a", "action_flag": 3, "change_message": ""}}, {"model": "admin.logentry", "pk": 276, "fields": {"action_time": "2023-12-14T10:03:41.861Z", "user": 41, "content_type": 17, "object_id": "30", "object_repr": "asd", "action_flag": 3, "change_message": ""}}, {"model": "admin.logentry", "pk": 277, "fields": {"action_time": "2023-12-14T10:03:41.861Z", "user": 41, "content_type": 17, "object_id": "29", "object_repr": "asd", "action_flag": 3, "change_message": ""}}, {"model": "admin.logentry", "pk": 278, "fields": {"action_time": "2023-12-14T10:03:41.878Z", "user": 41, "content_type": 17, "object_id": "28", "object_repr": "asd", "action_flag": 3, "change_message": ""}}, {"model": "admin.logentry", "pk": 279, "fields": {"action_time": "2023-12-14T10:03:41.896Z", "user": 41, "content_type": 17, "object_id": "27", "object_repr": "asd", "action_flag": 3, "change_message": ""}}, {"model": "admin.logentry", "pk": 280, "fields": {"action_time": "2023-12-14T10:03:41.904Z", "user": 41, "content_type": 17, "object_id": "26", "object_repr": "asd1", "action_flag": 3, "change_message": ""}}, {"model": "admin.logentry", "pk": 281, "fields": {"action_time": "2023-12-14T10:03:41.911Z", "user": 41, "content_type": 17, "object_id": "25", "object_repr": "asdasd", "action_flag": 3, "change_message": ""}}, {"model": "admin.logentry", "pk": 282, "fields": {"action_time": "2023-12-14T10:03:58.482Z", "user": 41, "content_type": 13, "object_id": "118", "object_repr": "118", "action_flag": 3, "change_message": ""}}, {"model": "admin.logentry", "pk": 283, "fields": {"action_time": "2023-12-14T10:03:58.482Z", "user": 41, "content_type": 13, "object_id": "117", "object_repr": "117", "action_flag": 3, "change_message": ""}}, {"model": "admin.logentry", "pk": 284, "fields": {"action_time": "2023-12-14T10:03:58.501Z", "user": 41, "content_type": 13, "object_id": "116", "object_repr": "116", "action_flag": 3, "change_message": ""}}, {"model": "admin.logentry", "pk": 285, "fields": {"action_time": "2023-12-14T10:03:58.509Z", "user": 41, "content_type": 13, "object_id": "115", "object_repr": "115", "action_flag": 3, "change_message": ""}}, {"model": "admin.logentry", "pk": 286, "fields": {"action_time": "2023-12-14T10:03:58.519Z", "user": 41, "content_type": 13, "object_id": "114", "object_repr": "114", "action_flag": 3, "change_message": ""}}, {"model": "admin.logentry", "pk": 287, "fields": {"action_time": "2023-12-14T10:03:58.528Z", "user": 41, "content_type": 13, "object_id": "113", "object_repr": "113", "action_flag": 3, "change_message": ""}}, {"model": "admin.logentry", "pk": 288, "fields": {"action_time": "2023-12-14T10:03:58.537Z", "user": 41, "content_type": 13, "object_id": "112", "object_repr": "112", "action_flag": 3, "change_message": ""}}, {"model": "admin.logentry", "pk": 289, "fields": {"action_time": "2023-12-14T10:03:58.546Z", "user": 41, "content_type": 13, "object_id": "111", "object_repr": "111", "action_flag": 3, "change_message": ""}}, {"model": "admin.logentry", "pk": 290, "fields": {"action_time": "2023-12-14T10:03:58.555Z", "user": 41, "content_type": 13, "object_id": "110", "object_repr": "110", "action_flag": 3, "change_message": ""}}, {"model": "admin.logentry", "pk": 291, "fields": {"action_time": "2023-12-14T10:03:58.562Z", "user": 41, "content_type": 13, "object_id": "109", "object_repr": "109", "action_flag": 3, "change_message": ""}}, {"model": "admin.logentry", "pk": 292, "fields": {"action_time": "2023-12-14T10:03:58.562Z", "user": 41, "content_type": 13, "object_id": "108", "object_repr": "108", "action_flag": 3, "change_message": ""}}, {"model": "admin.logentry", "pk": 293, "fields": {"action_time": "2023-12-14T10:03:58.578Z", "user": 41, "content_type": 13, "object_id": "107", "object_repr": "107", "action_flag": 3, "change_message": ""}}, {"model": "admin.logentry", "pk": 294, "fields": {"action_time": "2023-12-14T10:03:58.578Z", "user": 41, "content_type": 13, "object_id": "106", "object_repr": "106", "action_flag": 3, "change_message": ""}}, {"model": "admin.logentry", "pk": 295, "fields": {"action_time": "2023-12-14T10:03:58.595Z", "user": 41, "content_type": 13, "object_id": "105", "object_repr": "105", "action_flag": 3, "change_message": ""}}, {"model": "admin.logentry", "pk": 296, "fields": {"action_time": "2023-12-14T10:03:58.595Z", "user": 41, "content_type": 13, "object_id": "104", "object_repr": "104", "action_flag": 3, "change_message": ""}}, {"model": "admin.logentry", "pk": 297, "fields": {"action_time": "2023-12-14T10:03:58.612Z", "user": 41, "content_type": 13, "object_id": "103", "object_repr": "103", "action_flag": 3, "change_message": ""}}, {"model": "admin.logentry", "pk": 298, "fields": {"action_time": "2023-12-14T10:03:58.612Z", "user": 41, "content_type": 13, "object_id": "102", "object_repr": "102", "action_flag": 3, "change_message": ""}}, {"model": "admin.logentry", "pk": 299, "fields": {"action_time": "2023-12-14T10:03:58.628Z", "user": 41, "content_type": 13, "object_id": "101", "object_repr": "101", "action_flag": 3, "change_message": ""}}, {"model": "admin.logentry", "pk": 300, "fields": {"action_time": "2023-12-14T10:03:58.628Z", "user": 41, "content_type": 13, "object_id": "100", "object_repr": "100", "action_flag": 3, "change_message": ""}}, {"model": "admin.logentry", "pk": 301, "fields": {"action_time": "2023-12-14T10:03:58.645Z", "user": 41, "content_type": 13, "object_id": "99", "object_repr": "99", "action_flag": 3, "change_message": ""}}, {"model": "admin.logentry", "pk": 302, "fields": {"action_time": "2023-12-14T10:03:58.645Z", "user": 41, "content_type": 13, "object_id": "98", "object_repr": "98", "action_flag": 3, "change_message": ""}}, {"model": "admin.logentry", "pk": 303, "fields": {"action_time": "2023-12-14T10:03:58.662Z", "user": 41, "content_type": 13, "object_id": "97", "object_repr": "97", "action_flag": 3, "change_message": ""}}, {"model": "admin.logentry", "pk": 304, "fields": {"action_time": "2023-12-14T10:03:58.662Z", "user": 41, "content_type": 13, "object_id": "96", "object_repr": "96", "action_flag": 3, "change_message": ""}}, {"model": "admin.logentry", "pk": 305, "fields": {"action_time": "2023-12-14T10:03:58.681Z", "user": 41, "content_type": 13, "object_id": "95", "object_repr": "95", "action_flag": 3, "change_message": ""}}, {"model": "auth.permission", "pk": 1, "fields": {"name": "Can add log entry", "content_type": 1, "codename": "add_logentry"}}, {"model": "auth.permission", "pk": 2, "fields": {"name": "Can change log entry", "content_type": 1, "codename": "change_logentry"}}, {"model": "auth.permission", "pk": 3, "fields": {"name": "Can delete log entry", "content_type": 1, "codename": "delete_logentry"}}, {"model": "auth.permission", "pk": 4, "fields": {"name": "Can view log entry", "content_type": 1, "codename": "view_logentry"}}, {"model": "auth.permission", "pk": 5, "fields": {"name": "Can add permission", "content_type": 2, "codename": "add_permission"}}, {"model": "auth.permission", "pk": 6, "fields": {"name": "Can change permission", "content_type": 2, "codename": "change_permission"}}, {"model": "auth.permission", "pk": 7, "fields": {"name": "Can delete permission", "content_type": 2, "codename": "delete_permission"}}, {"model": "auth.permission", "pk": 8, "fields": {"name": "Can view permission", "content_type": 2, "codename": "view_permission"}}, {"model": "auth.permission", "pk": 9, "fields": {"name": "Can add group", "content_type": 3, "codename": "add_group"}}, {"model": "auth.permission", "pk": 10, "fields": {"name": "Can change group", "content_type": 3, "codename": "change_group"}}, {"model": "auth.permission", "pk": 11, "fields": {"name": "Can delete group", "content_type": 3, "codename": "delete_group"}}, {"model": "auth.permission", "pk": 12, "fields": {"name": "Can view group", "content_type": 3, "codename": "view_group"}}, {"model": "auth.permission", "pk": 13, "fields": {"name": "Can add content type", "content_type": 4, "codename": "add_contenttype"}}, {"model": "auth.permission", "pk": 14, "fields": {"name": "Can change content type", "content_type": 4, "codename": "change_contenttype"}}, {"model": "auth.permission", "pk": 15, "fields": {"name": "Can delete content type", "content_type": 4, "codename": "delete_contenttype"}}, {"model": "auth.permission", "pk": 16, "fields": {"name": "Can view content type", "content_type": 4, "codename": "view_contenttype"}}, {"model": "auth.permission", "pk": 17, "fields": {"name": "Can add session", "content_type": 5, "codename": "add_session"}}, {"model": "auth.permission", "pk": 18, "fields": {"name": "Can change session", "content_type": 5, "codename": "change_session"}}, {"model": "auth.permission", "pk": 19, "fields": {"name": "Can delete session", "content_type": 5, "codename": "delete_session"}}, {"model": "auth.permission", "pk": 20, "fields": {"name": "Can view session", "content_type": 5, "codename": "view_session"}}, {"model": "auth.permission", "pk": 21, "fields": {"name": "Can add book author", "content_type": 6, "codename": "add_bookauthor"}}, {"model": "auth.permission", "pk": 22, "fields": {"name": "Can change book author", "content_type": 6, "codename": "change_bookauthor"}}, {"model": "auth.permission", "pk": 23, "fields": {"name": "Can delete book author", "content_type": 6, "codename": "delete_bookauthor"}}, {"model": "auth.permission", "pk": 24, "fields": {"name": "Can view book author", "content_type": 6, "codename": "view_bookauthor"}}, {"model": "auth.permission", "pk": 25, "fields": {"name": "Can add book series", "content_type": 7, "codename": "add_bookseries"}}, {"model": "auth.permission", "pk": 26, "fields": {"name": "Can change book series", "content_type": 7, "codename": "change_bookseries"}}, {"model": "auth.permission", "pk": 27, "fields": {"name": "Can delete book series", "content_type": 7, "codename": "delete_bookseries"}}, {"model": "auth.permission", "pk": 28, "fields": {"name": "Can view book series", "content_type": 7, "codename": "view_bookseries"}}, {"model": "auth.permission", "pk": 29, "fields": {"name": "Can add book genre", "content_type": 8, "codename": "add_bookgenre"}}, {"model": "auth.permission", "pk": 30, "fields": {"name": "Can change book genre", "content_type": 8, "codename": "change_bookgenre"}}, {"model": "auth.permission", "pk": 31, "fields": {"name": "Can delete book genre", "content_type": 8, "codename": "delete_bookgenre"}}, {"model": "auth.permission", "pk": 32, "fields": {"name": "Can view book genre", "content_type": 8, "codename": "view_bookgenre"}}, {"model": "auth.permission", "pk": 33, "fields": {"name": "Can add book publishing house", "content_type": 9, "codename": "add_bookpublishinghouse"}}, {"model": "auth.permission", "pk": 34, "fields": {"name": "Can change book publishing house", "content_type": 9, "codename": "change_bookpublishinghouse"}}, {"model": "auth.permission", "pk": 35, "fields": {"name": "Can delete book publishing house", "content_type": 9, "codename": "delete_bookpublishinghouse"}}, {"model": "auth.permission", "pk": 36, "fields": {"name": "Can view book publishing house", "content_type": 9, "codename": "view_bookpublishinghouse"}}, {"model": "auth.permission", "pk": 37, "fields": {"name": "Can add book", "content_type": 10, "codename": "add_book"}}, {"model": "auth.permission", "pk": 38, "fields": {"name": "Can change book", "content_type": 10, "codename": "change_book"}}, {"model": "auth.permission", "pk": 39, "fields": {"name": "Can delete book", "content_type": 10, "codename": "delete_book"}}, {"model": "auth.permission", "pk": 40, "fields": {"name": "Can view book", "content_type": 10, "codename": "view_book"}}, {"model": "auth.permission", "pk": 41, "fields": {"name": "Can add username", "content_type": 11, "codename": "add_appuser"}}, {"model": "auth.permission", "pk": 42, "fields": {"name": "Can change username", "content_type": 11, "codename": "change_appuser"}}, {"model": "auth.permission", "pk": 43, "fields": {"name": "Can delete username", "content_type": 11, "codename": "delete_appuser"}}, {"model": "auth.permission", "pk": 44, "fields": {"name": "Can view username", "content_type": 11, "codename": "view_appuser"}}, {"model": "auth.permission", "pk": 45, "fields": {"name": "Can add comment", "content_type": 12, "codename": "add_comment"}}, {"model": "auth.permission", "pk": 46, "fields": {"name": "Can change comment", "content_type": 12, "codename": "change_comment"}}, {"model": "auth.permission", "pk": 47, "fields": {"name": "Can delete comment", "content_type": 12, "codename": "delete_comment"}}, {"model": "auth.permission", "pk": 48, "fields": {"name": "Can view comment", "content_type": 12, "codename": "view_comment"}}, {"model": "auth.permission", "pk": 49, "fields": {"name": "Can add cart", "content_type": 13, "codename": "add_cart"}}, {"model": "auth.permission", "pk": 50, "fields": {"name": "Can change cart", "content_type": 13, "codename": "change_cart"}}, {"model": "auth.permission", "pk": 51, "fields": {"name": "Can delete cart", "content_type": 13, "codename": "delete_cart"}}, {"model": "auth.permission", "pk": 52, "fields": {"name": "Can view cart", "content_type": 13, "codename": "view_cart"}}, {"model": "auth.permission", "pk": 53, "fields": {"name": "Can add books in cart", "content_type": 14, "codename": "add_booksincart"}}, {"model": "auth.permission", "pk": 54, "fields": {"name": "Can change books in cart", "content_type": 14, "codename": "change_booksincart"}}, {"model": "auth.permission", "pk": 55, "fields": {"name": "Can delete books in cart", "content_type": 14, "codename": "delete_booksincart"}}, {"model": "auth.permission", "pk": 56, "fields": {"name": "Can view books in cart", "content_type": 14, "codename": "view_booksincart"}}, {"model": "auth.permission", "pk": 57, "fields": {"name": "Can add test", "content_type": 15, "codename": "add_test"}}, {"model": "auth.permission", "pk": 58, "fields": {"name": "Can change test", "content_type": 15, "codename": "change_test"}}, {"model": "auth.permission", "pk": 59, "fields": {"name": "Can delete test", "content_type": 15, "codename": "delete_test"}}, {"model": "auth.permission", "pk": 60, "fields": {"name": "Can view test", "content_type": 15, "codename": "view_test"}}, {"model": "auth.permission", "pk": 61, "fields": {"name": "Can add Status", "content_type": 16, "codename": "add_status"}}, {"model": "auth.permission", "pk": 62, "fields": {"name": "Can change Status", "content_type": 16, "codename": "change_status"}}, {"model": "auth.permission", "pk": 63, "fields": {"name": "Can delete Status", "content_type": 16, "codename": "delete_status"}}, {"model": "auth.permission", "pk": 64, "fields": {"name": "Can view Status", "content_type": 16, "codename": "view_status"}}, {"model": "auth.permission", "pk": 65, "fields": {"name": "Can add Order", "content_type": 17, "codename": "add_order"}}, {"model": "auth.permission", "pk": 66, "fields": {"name": "Can change Order", "content_type": 17, "codename": "change_order"}}, {"model": "auth.permission", "pk": 67, "fields": {"name": "Can delete Order", "content_type": 17, "codename": "delete_order"}}, {"model": "auth.permission", "pk": 68, "fields": {"name": "Can view Order", "content_type": 17, "codename": "view_order"}}, {"model": "auth.permission", "pk": 69, "fields": {"name": "Can add association", "content_type": 18, "codename": "add_association"}}, {"model": "auth.permission", "pk": 70, "fields": {"name": "Can change association", "content_type": 18, "codename": "change_association"}}, {"model": "auth.permission", "pk": 71, "fields": {"name": "Can delete association", "content_type": 18, "codename": "delete_association"}}, {"model": "auth.permission", "pk": 72, "fields": {"name": "Can view association", "content_type": 18, "codename": "view_association"}}, {"model": "auth.permission", "pk": 73, "fields": {"name": "Can add code", "content_type": 19, "codename": "add_code"}}, {"model": "auth.permission", "pk": 74, "fields": {"name": "Can change code", "content_type": 19, "codename": "change_code"}}, {"model": "auth.permission", "pk": 75, "fields": {"name": "Can delete code", "content_type": 19, "codename": "delete_code"}}, {"model": "auth.permission", "pk": 76, "fields": {"name": "Can view code", "content_type": 19, "codename": "view_code"}}, {"model": "auth.permission", "pk": 77, "fields": {"name": "Can add nonce", "content_type": 20, "codename": "add_nonce"}}, {"model": "auth.permission", "pk": 78, "fields": {"name": "Can change nonce", "content_type": 20, "codename": "change_nonce"}}, {"model": "auth.permission", "pk": 79, "fields": {"name": "Can delete nonce", "content_type": 20, "codename": "delete_nonce"}}, {"model": "auth.permission", "pk": 80, "fields": {"name": "Can view nonce", "content_type": 20, "codename": "view_nonce"}}, {"model": "auth.permission", "pk": 81, "fields": {"name": "Can add user social auth", "content_type": 21, "codename": "add_usersocialauth"}}, {"model": "auth.permission", "pk": 82, "fields": {"name": "Can change user social auth", "content_type": 21, "codename": "change_usersocialauth"}}, {"model": "auth.permission", "pk": 83, "fields": {"name": "Can delete user social auth", "content_type": 21, "codename": "delete_usersocialauth"}}, {"model": "auth.permission", "pk": 84, "fields": {"name": "Can view user social auth", "content_type": 21, "codename": "view_usersocialauth"}}, {"model": "auth.permission", "pk": 85, "fields": {"name": "Can add partial", "content_type": 22, "codename": "add_partial"}}, {"model": "auth.permission", "pk": 86, "fields": {"name": "Can change partial", "content_type": 22, "codename": "change_partial"}}, {"model": "auth.permission", "pk": 87, "fields": {"name": "Can delete partial", "content_type": 22, "codename": "delete_partial"}}, {"model": "auth.permission", "pk": 88, "fields": {"name": "Can view partial", "content_type": 22, "codename": "view_partial"}}, {"model": "auth.group", "pk": 1, "fields": {"name": "Customers", "permissions": []}}, {"model": "auth.group", "pk": 2, "fields": {"name": "Managers", "permissions": [37, 38, 39, 40, 21, 22, 23, 24, 29, 30, 31, 32, 33, 34, 35, 36, 25, 26, 27, 28]}}, {"model": "contenttypes.contenttype", "pk": 1, "fields": {"app_label": "admin", "model": "logentry"}}, {"model": "contenttypes.contenttype", "pk": 2, "fields": {"app_label": "auth", "model": "permission"}}, {"model": "contenttypes.contenttype", "pk": 3, "fields": {"app_label": "auth", "model": "group"}}, {"model": "contenttypes.contenttype", "pk": 4, "fields": {"app_label": "contenttypes", "model": "contenttype"}}, {"model": "contenttypes.contenttype", "pk": 5, "fields": {"app_label": "sessions", "model": "session"}}, {"model": "contenttypes.contenttype", "pk": 6, "fields": {"app_label": "references", "model": "bookauthor"}}, {"model": "contenttypes.contenttype", "pk": 7, "fields": {"app_label": "references", "model": "bookseries"}}, {"model": "contenttypes.contenttype", "pk": 8, "fields": {"app_label": "references", "model": "bookgenre"}}, {"model": "contenttypes.contenttype", "pk": 9, "fields": {"app_label": "references", "model": "bookpublishinghouse"}}, {"model": "contenttypes.contenttype", "pk": 10, "fields": {"app_label": "product_card", "model": "book"}}, {"model": "contenttypes.contenttype", "pk": 11, "fields": {"app_label": "catalog", "model": "appuser"}}, {"model": "contenttypes.contenttype", "pk": 12, "fields": {"app_label": "catalog", "model": "comment"}}, {"model": "contenttypes.contenttype", "pk": 13, "fields": {"app_label": "carts", "model": "cart"}}, {"model": "contenttypes.contenttype", "pk": 14, "fields": {"app_label": "carts", "model": "booksincart"}}, {"model": "contenttypes.contenttype", "pk": 15, "fields": {"app_label": "order", "model": "test"}}, {"model": "contenttypes.contenttype", "pk": 16, "fields": {"app_label": "order", "model": "status"}}, {"model": "contenttypes.contenttype", "pk": 17, "fields": {"app_label": "order", "model": "order"}}, {"model": "contenttypes.contenttype", "pk": 18, "fields": {"app_label": "social_django", "model": "association"}}, {"model": "contenttypes.contenttype", "pk": 19, "fields": {"app_label": "social_django", "model": "code"}}, {"model": "contenttypes.contenttype", "pk": 20, "fields": {"app_label": "social_django", "model": "nonce"}}, {"model": "contenttypes.contenttype", "pk": 21, "fields": {"app_label": "social_django", "model": "usersocialauth"}}, {"model": "contenttypes.contenttype", "pk": 22, "fields": {"app_label": "social_django", "model": "partial"}}, {"model": "sessions.session", "pk": "0kchvlkv4wntc61zpmpmed8y73p34knb", "fields": {"session_data": "eyJjYXJ0X2lkIjozNH0:1owlx8:wwxmpXehvw1GuYMBcqXPtXHwrTpLeFx2QK4598ifWD8", "expire_date": "2022-12-04T15:09:50.563Z"}}, {"model": "sessions.session", "pk": "1ogoqy1u1g0pf0l2zg0cwgnxh2mn5bx4", "fields": {"session_data": "eyJjYXJ0X2lkIjo5Mn0:1pBFP5:mqoltwtzfC4xorWyRMEJFHSDfAQ33jyLOSuc_gcwVJs", "expire_date": "2023-01-13T13:26:31.739Z"}}, {"model": "sessions.session", "pk": "2evgyzql085lim5ky1o75rfn6an39unu", "fields": {"session_data": ".eJxVjDsOwjAQBe_iGlnG6_WHkj5niNZeBwdQIsVOhbg7CUqTdt7M-4hES-tHFjfrL6KntZV-rXn5IwFGnGCk9MrTvvCTpscs0zy1ZYxyV-SxVtnNnN_3wz0dFKplq8l7tIkMGkCGIRiDOSJRZKf01TsTgwU3OODgSGFUGixjABvcVmgQ3x-2hTq4:1oyxGY:h5Mh2QBEuaq-J-T6tBh8LY4f1TG417XAIoEeNJsHXIw", "expire_date": "2022-12-10T15:38:54.305Z"}}, {"model": "sessions.session", "pk": "3cnt2u2nu37q8sa8pqpm2ve92hcq1an0", "fields": {"session_data": ".eJxVjDEOwjAMRe-SGUUpThuZkZ0zRI7tkAJKpaadKu4OlTrA-t97fzOR1qXEtekcRzEX4ztz-h0T8VPrTuRB9T5Znuoyj8nuij1os7dJ9HU93L-DQq18a8wwcNKeKekZAbIk9b2qR5dJCckJC7K6DhMjeA4cBlQVYOcBgnl_AE9_OY8:1rDhkC:HlsH4pP4eTCbCjQikcVmnGPIndCKEvfZE3QOddFCdBU", "expire_date": "2023-12-28T09:11:00.463Z"}}, {"model": "sessions.session", "pk": "716q8545y3jrnqro7ikho7yzrmqsd4qt", "fields": {"session_data": "eyJjYXJ0X2lkIjo0OX0:1oxD23:bmH6n86DWl5jM2hSPVyq7gIh6j_L0GVoG2mIbzVrtYI", "expire_date": "2022-12-05T20:04:43.138Z"}}, {"model": "sessions.session", "pk": "77l83mm1duhvomai5n3pfgcn01mqnkp4", "fields": {"session_data": "e30:1ovQ3F:bMXW4fq-N4y1OyxYf0mMwvnzCDsad1f7a4jsAh4K4Io", "expire_date": "2022-11-30T21:34:33.147Z"}}, {"model": "sessions.session", "pk": "7sli33y1ul0n8ndedntwqcnlwkxy2lyn", "fields": {"session_data": "eyJjYXJ0X2lkIjozNX0:1owlyk:pDgeKUDRfgPbBXXU_Uj1b1HxacnZwrYm7bgWQmjm_b8", "expire_date": "2022-12-04T15:11:30.216Z"}}, {"model": "sessions.session", "pk": "b8nlqfjoka81r4s80yu3ofyr2mzpikn9", "fields": {"session_data": ".eJxVjsEOgjAQRP-lZ9OA2y3Fo3e-odlutxY1JaFwMv67YDjodd7My7yUp3XJfq0y-zGqizqr028WiB9SdhDvVG6T5qks8xj0XtEHrXqYojyvR_dPkKnmbd2B7TkJuWRTw8gozogNJkjLKQWhyICJpBckCQ7IgkGGBriVprNukzLNy_cj4vsDLAs9Rg:1oxZ8N:u9qy6LwlAEyfhofP0uvpvbNhffpZEzZ4_znDZOLwT6U", "expire_date": "2022-12-06T19:40:43.804Z"}}, {"model": "sessions.session", "pk": "clamam1i4xaqda67eektt8p6zbdafznc", "fields": {"session_data": "eyJnb29nbGUtb2F1dGgyX3N0YXRlIjoiU1NEQXNKcjRPbEowelFKVjhoTzVVYzhMWE51dFdpY3AifQ:1p42it:kCg5GT2I_MDxWBNptw9YLtnx8vmEhndRzlR0xnNESK8", "expire_date": "2022-12-24T16:29:11.553Z"}}, {"model": "sessions.session", "pk": "gqpjka1q9nw6rdaf7sfo7k28lilcusmk", "fields": {"session_data": ".eJxVjMEOwiAQBf-FsyEgBRaP3v0GsrAgVQNJaU_Gf5cmPej1zbx5M4_bWvzW0-JnYhc2ndnpdwwYn6nuhB5Y743HVtdlDnxX-EE7vzVKr-vh_gUK9jLeVmW0hkQyGV0WlCRMAApknKJxVgUbrEowgpEga0NaoIzaBjGAA8M-XxhWOFU:1rCzII:ol1b_CjyCF600H1nRA7fJJdU3qkOYpsQl5pFmyDEmTs", "expire_date": "2023-12-26T09:43:14.490Z"}}, {"model": "sessions.session", "pk": "ist5tqxryumn55vhlhlq7ouax05q0e5n", "fields": {"session_data": ".eJxVjjsOwjAQRO_iGlle2zg2JX3OEK13NziAHCmfCnF3EpQC2nkzT_NSHa5L6dZZpm5gdVGgTr9ZRnpI3QHfsd5GTWNdpiHrvaIPOut2ZHlej-6foOBctjV5w5x6H030SSIEZ00DdIYmIYgPzhOBcZgDZJspcEhgGKzY3EcHskkJp-X7MYb3B6jGOxo:1p4ATh:Rbz2mdUnGz6OdSbc6SH0g-JwkjNuMyuhGXsv88bNiq4", "expire_date": "2022-12-25T00:46:01.704Z"}}, {"model": "sessions.session", "pk": "kezkc62w2ejkc9l357gth0v3gx64ytmb", "fields": {"session_data": "eyJnb29nbGUtb2F1dGgyX3N0YXRlIjoiNHVrS1pwV0Y1dmRmcjNvTzhMcWhndVpuNFVDWE9nY3oifQ:1pCr9N:YVVPdaLWRH2G0z0OIh5B2uJLCGPa0YSUPnUrYCBK1Co", "expire_date": "2023-01-17T23:56:57.171Z"}}, {"model": "sessions.session", "pk": "kt8kb8q7z0byj6x2h2csrwm90x1al92d", "fields": {"session_data": "eyJjYXJ0X2lkIjo5NSwiZ29vZ2xlLW9hdXRoMl9zdGF0ZSI6Inl6aWcyQjg0d1NZWWpiZXdoa3NmeTAzZWtIRkdPQ1BMIn0:1pZ8D0:eqtI9--f0EMiCXRVF49B_dhaWYJbG0Izon6Gt-ErWgc", "expire_date": "2023-03-20T10:36:46.509Z"}}, {"model": "sessions.session", "pk": "nyxeyz1ky0cks3m9rpe9akh0m1u1g67g", "fields": {"session_data": ".eJxVjsEOgjAQRP-lZ9O0boGsR-9-Q7PdXQQ1bQLlRPx3wXDQ67yZl1lNpKUOcZl1iqOYiwnenH7DRPzUvBN5UL4XyyXXaUx2r9iDzvZWRF_Xo_snGGgetjX20HLShinpGQF6SRoa1YCuJyUkJyzI6jwmRgjccdeiqgC7ANBtUqapfk96H94fkyE9pQ:1rDPt0:iMkxq6hi4hiR9NnCov7GjZJMHCWEtqkIXy6FlTqsRgA", "expire_date": "2023-12-27T14:06:54.712Z"}}, {"model": "sessions.session", "pk": "o78i53crjef390nj2rk2ix41uszrfb4d", "fields": {"session_data": "eyJjYXJ0X2lkIjo5M30:1pBXYM:G7HM-NKR5vjt9bvG0_1zISJqHcdpYRXAzNDihJhB8yA", "expire_date": "2023-01-14T08:49:18.957Z"}}, {"model": "sessions.session", "pk": "pdy5nz21m0slmnfupp6pky8pwu9norgd", "fields": {"session_data": "eyJjYXJ0X2lkIjo5OCwiZ29vZ2xlLW9hdXRoMl9zdGF0ZSI6Imo5YTdrUm92U05GeWkzNUkxaGFFM1IzU0dONkVneEg0In0:1rDOti:V8KJG2RQ0ZR_jtKffGSOfMCRgmeUpvl3DkE9G7HjFAs", "expire_date": "2023-12-27T13:03:34.682Z"}}, {"model": "sessions.session", "pk": "pmfde1s57pfr1c3n7byjjwda3zpx30gl", "fields": {"session_data": ".eJxVjMsOwiAQRf-FtSHDW1y67zeQYQCpGkhKuzL-uzbpQrf3nHNfLOC21rCNvIQ5sQuz7PS7RaRHbjtId2y3zqm3dZkj3xV-0MGnnvLzerh_BxVH_dbeu7OnIgyQF8YTYMwFyDqPUWkigSBdFBJKklqUWEgp7aQFMC6TVez9AeFPN5g:1p4kt4:pgnTXwy-r1AWjJCTsbYclAKSw2yzKC49wYxIE15zdoQ", "expire_date": "2022-12-26T15:38:38.786Z"}}, {"model": "sessions.session", "pk": "q6fu0wuvamztqbx5pc04ug73mg0vtf3j", "fields": {"session_data": "eyJjYXJ0X2lkIjozOX0:1owm6k:JGP01psa392eYyYGrT7_RZl6ZxF6nTcKEr1br6CzxE8", "expire_date": "2022-12-04T15:19:46.529Z"}}, {"model": "sessions.session", "pk": "qgfx7rhdf5bxff1w4b246lmikdhea3b1", "fields": {"session_data": "eyJjYXJ0X2lkIjo5MX0:1pAROv:ZZqQnSdM9bslkOna9m2kzBRQMqW6D3OKm5THt4dMgAc", "expire_date": "2023-01-11T08:03:01.152Z"}}, {"model": "sessions.session", "pk": "shc3yerywc4wdimyut9nrswughub7w8i", "fields": {"session_data": "eyJnb29nbGUtb2F1dGgyX3N0YXRlIjoidURTNENONHMxaFdlN2tpQUxmaWpEZmhiQks0Y3RzcW0iLCJjYXJ0X2lkIjo5Nn0:1rDKfo:8iQqT-4LaCL40Ohxo3GfhISy2n8Hp47r5EUNKwZkRHQ", "expire_date": "2023-12-27T08:32:56.765Z"}}, {"model": "sessions.session", "pk": "wpkjm28mdjjzic9zz7d9kls57mhrr68d", "fields": {"session_data": "e30:1p42Le:jfXMvaP8cfsWbIAVtNtwJD56sBbtVYvaYMJQc-IBHyU", "expire_date": "2022-12-24T16:05:10.306Z"}}, {"model": "references.bookauthor", "pk": 1, "fields": {"name": "Donna", "surname": "Tartt", "description": ""}}, {"model": "references.bookauthor", "pk": 2, "fields": {"name": "Elizabeth", "surname": "Strout", "description": ""}}, {"model": "references.bookauthor", "pk": 3, "fields": {"name": "Chugong", "surname": "Li", "description": ""}}, {"model": "references.bookauthor", "pk": 4, "fields": {"name": "Dubu", "surname": "San", "description": ""}}, {"model": "references.bookauthor", "pk": 5, "fields": {"name": "Catana", "surname": "Chetwynd", "description": ""}}, {"model": "references.bookauthor", "pk": 6, "fields": {"name": "Rupi", "surname": "Kaur", "description": ""}}, {"model": "references.bookauthor", "pk": 7, "fields": {"name": "Colleen", "surname": "Hoover", "description": ""}}, {"model": "references.bookauthor", "pk": 8, "fields": {"name": "Mo Xiang", "surname": "Tong Xiu", "description": ""}}, {"model": "references.bookauthor", "pk": 9, "fields": {"name": "Zelda", "surname": "CW", "description": ""}}, {"model": "references.bookauthor", "pk": 10, "fields": {"name": "Lion", "surname": "Feuchtwanger", "description": ""}}, {"model": "references.bookauthor", "pk": 11, "fields": {"name": "Mariana", "surname": "Enriquez", "description": ""}}, {"model": "references.bookauthor", "pk": 12, "fields": {"name": "Cormac", "surname": "McCarthy", "description": ""}}, {"model": "references.bookseries", "pk": 1, "fields": {"book_series": "No series", "description": ""}}, {"model": "references.bookseries", "pk": 2, "fields": {"book_series": "Solo Leveling", "description": ""}}, {"model": "references.bookseries", "pk": 3, "fields": {"book_series": "Heaven Official's Blessing", "description": ""}}, {"model": "references.bookseries", "pk": 4, "fields": {"book_series": "The Secret History", "description": ""}}, {"model": "references.bookgenre", "pk": 1, "fields": {"genre_name": "Horror", "description": ""}}, {"model": "references.bookgenre", "pk": 2, "fields": {"genre_name": "Comic", "description": ""}}, {"model": "references.bookgenre", "pk": 3, "fields": {"genre_name": "Fantasy", "description": ""}}, {"model": "references.bookgenre", "pk": 4, "fields": {"genre_name": "Detective", "description": ""}}, {"model": "references.bookgenre", "pk": 5, "fields": {"genre_name": "Romance", "description": ""}}, {"model": "references.bookgenre", "pk": 6, "fields": {"genre_name": "Historical", "description": ""}}, {"model": "references.bookpublishinghouse", "pk": 1, "fields": {"house_name": "Penguin Random House", "description": ""}}, {"model": "references.bookpublishinghouse", "pk": 2, "fields": {"house_name": "Hachette Book Group", "description": ""}}, {"model": "references.bookpublishinghouse", "pk": 3, "fields": {"house_name": "HarperCollins", "description": ""}}, {"model": "references.bookpublishinghouse", "pk": 4, "fields": {"house_name": "Macmillan Publishers", "description": ""}}, {"model": "references.bookpublishinghouse", "pk": 5, "fields": {"house_name": "Simon & Schuster", "description": ""}}, {"model": "product_card.book", "pk": 1, "fields": {"name": "Lucy by the Sea", "image": "uploads/2023/03/03/9780241606995.jpg", "price": "23.00", "series": 1, "publishing_year": "2022", "pages": 304, "binding": "Hardback", "format": "138x204", "isbn": "9780241606995", "weight": 347, "age_restriction": 12, "publishing_house": 1, "available_books": 15, "activity": "Yes", "rating": "7.5", "date_of_addition": "2022-10-20", "modification_date": "2023-03-03T08:27:41.535Z", "description": "A brilliantly sharp evocation of the period we have just lived through, it is a novel that both resonates deeply and consoles us too.", "author": [2], "genre": [5]}}, {"model": "product_card.book", "pk": 2, "fields": {"name": "The Secret History : 30th anniversary edition", "image": "uploads/2022/11/08/9780241621905.jpg", "price": "45.00", "series": 4, "publishing_year": "2021", "pages": 640, "binding": "Hardback", "format": "162x240", "isbn": "9780241621905", "weight": 8387, "age_restriction": 12, "publishing_house": 3, "available_books": 12, "activity": "Yes", "rating": "6.5", "date_of_addition": "2022-11-08", "modification_date": "2022-11-08T20:50:45.035Z", "description": "A contemporary literary classic and \"an accomplished psychological thriller. Absolutely chilling\", from the Pulitzer Prize-winning author of The Goldfinch.", "author": [1], "genre": [6]}}, {"model": "product_card.book", "pk": 3, "fields": {"name": "Solo Leveling, Vol. 5", "image": "uploads/2022/11/08/9781975344382.jpg", "price": "35.00", "series": 2, "publishing_year": "2019", "pages": 320, "binding": "Paperback", "format": "148x208", "isbn": "9781975344382", "weight": 585, "age_restriction": 15, "publishing_house": 5, "available_books": 125, "activity": "Yes", "rating": "9.5", "date_of_addition": "2022-11-08", "modification_date": "2022-11-08T20:50:21.011Z", "description": "Jinwoo knows it won’t be long before his true power fully comes to light and the guilds and Hunter’s Association of Korea descend, seeking his allegiance.", "author": [3, 4], "genre": [3, 5]}}, {"model": "product_card.book", "pk": 4, "fields": {"name": "You Are Home", "image": "uploads/2022/11/08/9781524872281.jpg", "price": "31.00", "series": 1, "publishing_year": "2017", "pages": 128, "binding": "Hardback", "format": "140x180", "isbn": "9781524872281", "weight": 308, "age_restriction": 14, "publishing_house": 4, "available_books": 11, "activity": "Yes", "rating": "7.2", "date_of_addition": "2022-06-08", "modification_date": "2022-11-08T20:56:39.027Z", "description": "#1 New York Times bestselling author and creator Catana Chetwynd’s latest collection of comics illustrates the moments a relationship “levels up” and all the intimate, special, and amusing adventures.", "author": [5], "genre": [5]}}, {"model": "product_card.book", "pk": 5, "fields": {"name": "Healing Through Words", "image": "uploads/2022/11/08/9781398518797.jpg", "price": "36.00", "series": 1, "publishing_year": "2018", "pages": 320, "binding": "Hardback", "format": "178x229", "isbn": "9781398518797", "weight": 930, "age_restriction": 16, "publishing_house": 2, "available_books": 53, "activity": "Yes", "rating": "7.2", "date_of_addition": "2022-11-08", "modification_date": "2022-11-08T20:56:19.415Z", "description": "#1 New York Times bestselling author Rupi Kaur presents guided poetry writing exercises of her own design to help you explore themes of trauma, loss, heartache, love, family, healing.", "author": [6], "genre": [5]}}, {"model": "product_card.book", "pk": 6, "fields": {"name": "It Ends With Us - Special Edition", "image": "uploads/2022/11/08/9781398520783.jpg", "price": "65.00", "series": 1, "publishing_year": "2020", "pages": 400, "binding": "Paperback", "format": "153x234", "isbn": "9781398520783", "weight": 617, "age_restriction": 17, "publishing_house": 3, "available_books": 1, "activity": "Yes", "rating": "7.1", "date_of_addition": "2022-02-16", "modification_date": "2022-11-08T20:59:26.392Z", "description": "\"It Ends with Us isn't an ordinary love story. It will break your heart while filling you with hope, and by the end of this gripping, pulse-pounding novel, you'll be smiling through your tears.\"", "author": [7], "genre": [4, 5]}}, {"model": "product_card.book", "pk": 7, "fields": {"name": "Heaven Official's Blessing: Tian Guan Ci Fu  Vol. 5", "image": "uploads/2022/11/09/9781638585503.jpg", "price": "57.00", "series": 3, "publishing_year": "2021", "pages": 485, "binding": "Paperback", "format": "156x210", "isbn": "9781638585503", "weight": 369, "age_restriction": 15, "publishing_house": 5, "available_books": 1, "activity": "Yes", "rating": "8.4", "date_of_addition": "2022-11-09", "modification_date": "2022-11-08T21:03:18.989Z", "description": "The blockbuster danmei/Boys’ Love novels from China that inspired the animated series! This epic historical fantasy about a prince and the mysterious man by his side is now officially in English.", "author": [8], "genre": [1, 3]}}, {"model": "product_card.book", "pk": 8, "fields": {"name": "The Oppermanns", "image": "uploads/2022/11/09/9781946022332.jpg", "price": "74.00", "series": 1, "publishing_year": "2019", "pages": 400, "binding": "Paperback", "format": "138x204", "isbn": "9781946022332", "weight": 295, "age_restriction": 18, "publishing_house": 2, "available_books": 12, "activity": "Yes", "rating": "8.2", "date_of_addition": "2022-11-09", "modification_date": "2022-11-08T21:05:20.471Z", "description": "No single historical or fictional work has more tellingly or insightfully depicted... the insidious manner in which Nazism began to permeate the fabric of German society than Lion Feuchtwanger's great novel.", "author": [10], "genre": [6]}}, {"model": "product_card.book", "pk": 9, "fields": {"name": "Our Share of Night", "image": "uploads/2022/11/09/9781783789351.jpg", "price": "39.00", "series": 1, "publishing_year": "2020", "pages": 345, "binding": "Hardback", "format": "156x240", "isbn": "9781783789351", "weight": 965, "age_restriction": 18, "publishing_house": 1, "available_books": 13, "activity": "Yes", "rating": "9.0", "date_of_addition": "2022-10-12", "modification_date": "2022-11-08T21:07:16.964Z", "description": "“A masterful, unsettling novel from one of Latin America’s most exciting authors.”—Silvia Moreno-Garcia, author of Mexican Gothic and The Daughter of Doctor Moreau", "author": [11], "genre": [1]}}, {"model": "product_card.book", "pk": 10, "fields": {"name": "The Passenger", "image": "uploads/2022/11/09/9780330457422.jpg", "price": "78.00", "series": 1, "publishing_year": "2021", "pages": 400, "binding": "Paperback", "format": "153x234", "isbn": "9780330457422", "weight": 936, "age_restriction": 16, "publishing_house": 5, "available_books": 7, "activity": "Yes", "rating": "7.0", "date_of_addition": "2022-11-09", "modification_date": "2022-11-08T21:08:42.562Z", "description": "The Passenger is the story of a salvage diver, haunted by loss, afraid of the watery deep, pursued for a conspiracy beyond his understanding, and longing for a death he cannot reconcile with God.", "author": [12], "genre": [4]}}, {"model": "catalog.appuser", "pk": 41, "fields": {"password": "pbkdf2_sha256$390000$gheSjq8Ms4ZXM6GZXayHSN$ruLIb/Dm1kCwC7bMkkoYuyrxIN8ZnGsngpMRE/dXG7o=", "last_login": "2023-12-14T09:02:31.911Z", "username": "ADMIN", "email": "", "index": null, "name": "", "surname": "", "phone": null, "country": null, "city": null, "address": null, "reserve_address": null, "additional_info": null, "is_staff": true, "is_active": true, "is_superuser": true, "groups": [], "user_permissions": []}}, {"model": "order.status", "pk": 1, "fields": {"name": "Created"}}, {"model": "order.status", "pk": 2, "fields": {"name": "Updated"}}, {"model": "order.status", "pk": 3, "fields": {"name": "Cancelled"}}]